"sido_kr","sigungu_kr","sigungu_1_kr","sigungu_2_kr","sido_en","sigun_en","sigungu_1_en","sigungu_2_en","sdsgg_en","base_year","tax_exclude","adm2_code_new","adm2_code","sgg_population","sgg_housing","sgg_tax_global","sgg_tax_income","sgg_doj","sgg_dcee"
"서울특별시","종로구","종로구","종로구","Seoul","Jongno-gu","Jongno-gu","Jongno-gu","Jongno-gu Seoul",2020,NA,11010,11010,11010,11010,"A0223","A0123","BVXX024",4200003
"서울특별시","중구","중구","중구","Seoul","Jung-gu","Jung-gu","Jung-gu","Jung-gu Seoul",2020,NA,11020,11020,11020,11020,"A0224","A0124","BVXX025",4200004
"서울특별시","용산구","용산구","용산구","Seoul","Yongsan-gu","Yongsan-gu","Yongsan-gu","Yongsan-gu Seoul",2020,NA,11030,11030,11030,11030,"A0221","A0121","BVXX022",4200005
"서울특별시","성동구","성동구","성동구","Seoul","Seongdong-gu","Seongdong-gu","Seongdong-gu","Seongdong-gu Seoul",2020,NA,11040,11040,11040,11040,"A0216","A0116","BVXX017",4200006
"서울특별시","광진구","광진구","광진구","Seoul","Gwangjin-gu","Gwangjin-gu","Gwangjin-gu","Gwangjin-gu Seoul",2020,NA,11050,11050,11050,11050,"A0206","A0106","BVXX007",4200007
"서울특별시","동대문구","동대문구","동대문구","Seoul","Dongdaemun-gu","Dongdaemun-gu","Dongdaemun-gu","Dongdaemun-gu Seoul",2020,NA,11060,11060,11060,11060,"A0211","A0111","BVXX012",4200008
"서울특별시","중랑구","중랑구","중랑구","Seoul","Jungnang-gu","Jungnang-gu","Jungnang-gu","Jungnang-gu Seoul",2020,NA,11070,11070,11070,11070,"A0225","A0125","BVXX026",4200009
"서울특별시","성북구","성북구","성북구","Seoul","Seongbuk-gu","Seongbuk-gu","Seongbuk-gu","Seongbuk-gu Seoul",2020,NA,11080,11080,11080,11080,"A0217","A0117","BVXX018",4200010
"서울특별시","강북구","강북구","강북구","Seoul","Gangbuk-gu","Gangbuk-gu","Gangbuk-gu","Gangbuk-gu Seoul",2020,NA,11090,11090,11090,11090,"A0203","A0103","BVXX004",4200011
"서울특별시","도봉구","도봉구","도봉구","Seoul","Dobong-gu","Dobong-gu","Dobong-gu","Dobong-gu Seoul",2020,NA,11100,11100,11100,11100,"A0210","A0110","BVXX011",4200012
"서울특별시","노원구","노원구","노원구","Seoul","Nowon-gu","Nowon-gu","Nowon-gu","Nowon-gu Seoul",2020,NA,11110,11110,11110,11110,"A0209","A0109","BVXX010",4200013
"서울특별시","은평구","은평구","은평구","Seoul","Eunpyeong-gu","Eunpyeong-gu","Eunpyeong-gu","Eunpyeong-gu Seoul",2020,NA,11120,11120,11120,11120,"A0222","A0122","BVXX023",4200014
"서울특별시","서대문구","서대문구","서대문구","Seoul","Seodaemun-gu","Seodaemun-gu","Seodaemun-gu","Seodaemun-gu Seoul",2020,NA,11130,11130,11130,11130,"A0214","A0114","BVXX015",4200015
"서울특별시","마포구","마포구","마포구","Seoul","Mapo-gu","Mapo-gu","Mapo-gu","Mapo-gu Seoul",2020,NA,11140,11140,11140,11140,"A0213","A0113","BVXX014",4200016
"서울특별시","양천구","양천구","양천구","Seoul","Yangcheon-gu","Yangcheon-gu","Yangcheon-gu","Yangcheon-gu Seoul",2020,NA,11150,11150,11150,11150,"A0219","A0119","BVXX020",4200017
"서울특별시","강서구","강서구","강서구","Seoul","Gangseo-gu","Gangseo-gu","Gangseo-gu","Gangseo-gu Seoul",2020,NA,11160,11160,11160,11160,"A0204","A0104","BVXX005",4200018
"서울특별시","구로구","구로구","구로구","Seoul","Guro-gu","Guro-gu","Guro-gu","Guro-gu Seoul",2020,NA,11170,11170,11170,11170,"A0207","A0107","BVXX008",4200019
"서울특별시","금천구","금천구","금천구","Seoul","Geumcheon-gu","Geumcheon-gu","Geumcheon-gu","Geumcheon-gu Seoul",2020,NA,11180,11180,11180,11180,"A0208","A0108","BVXX009",4200020
"서울특별시","영등포구","영등포구","영등포구","Seoul","Yeongdeungpo-gu","Yeongdeungpo-gu","Yeongdeungpo-gu","Yeongdeungpo-gu Seoul",2020,NA,11190,11190,11190,11190,"A0220","A0120","BVXX021",4200021
"서울특별시","동작구","동작구","동작구","Seoul","Dongjak-gu","Dongjak-gu","Dongjak-gu","Dongjak-gu Seoul",2020,NA,11200,11200,11200,11200,"A0212","A0112","BVXX013",4200022
"서울특별시","관악구","관악구","관악구","Seoul","Gwanak-gu","Gwanak-gu","Gwanak-gu","Gwanak-gu Seoul",2020,NA,11210,11210,11210,11210,"A0205","A0105","BVXX006",4200023
"서울특별시","서초구","서초구","서초구","Seoul","Seocho-gu","Seocho-gu","Seocho-gu","Seocho-gu Seoul",2020,NA,11220,11220,11220,11220,"A0215","A0115","BVXX016",4200024
"서울특별시","강남구","강남구","강남구","Seoul","Gangnam-gu","Gangnam-gu","Gangnam-gu","Gangnam-gu Seoul",2020,NA,11230,11230,11230,11230,"A0201","A0101","BVXX002",4200025
"서울특별시","송파구","송파구","송파구","Seoul","Songpa-gu","Songpa-gu","Songpa-gu","Songpa-gu Seoul",2020,NA,11240,11240,11240,11240,"A0218","A0118","BVXX019",4200026
"서울특별시","강동구","강동구","강동구","Seoul","Gangdong-gu","Gangdong-gu","Gangdong-gu","Gangdong-gu Seoul",2020,NA,11250,11250,11250,11250,"A0202","A0102","BVXX003",4200027
"부산광역시","중구","중구","중구","Busan","Jung-gu","Jung-gu","Jung-gu","Jung-gu Busan",2020,NA,21010,21010,21010,21010,"A1515","A1415","BVXX042",4200030
"부산광역시","서구","서구","서구","Busan","Seo-gu","Seo-gu","Seo-gu","Seo-gu Busan",2020,NA,21020,21020,21020,21020,"A1511","A1411","BVXX038",4200031
"부산광역시","동구","동구","동구","Busan","Dong-gu","Dong-gu","Dong-gu","Dong-gu Busan",2020,NA,21030,21030,21030,21030,"A1505","A1405","BVXX032",4200032
"부산광역시","영도구","영도구","영도구","Busan","Yeongdo-gu","Yeongdo-gu","Yeongdo-gu","Yeongdo-gu Busan",2020,NA,21040,21040,21040,21040,"A1514","A1414","BVXX041",4200033
"부산광역시","부산진구","부산진구","부산진구","Busan","Busanjin-gu","Busanjin-gu","Busanjin-gu","Busanjin-gu Busan",2020,NA,21050,21050,21050,21050,"A1507","A1407","BVXX034",4200034
"부산광역시","동래구","동래구","동래구","Busan","Dongnae-gu","Dongnae-gu","Dongnae-gu","Dongnae-gu Busan",2020,NA,21060,21060,21060,21060,"A1506","A1406","BVXX033",4200035
"부산광역시","남구","남구","남구","Busan","Nam-gu","Nam-gu","Nam-gu","Nam-gu Busan",2020,NA,21070,21070,21070,21070,"A1504","A1404","BVXX031",4200036
"부산광역시","북구","북구","북구","Busan","Buk-gu","Buk-gu","Buk-gu","Buk-gu Busan",2020,NA,21080,21080,21080,21080,"A1508","A1408","BVXX035",4200037
"부산광역시","해운대구","해운대구","해운대구","Busan","Haeundae-gu","Haeundae-gu","Haeundae-gu","Haeundae-gu Busan",2020,NA,21090,21090,21090,21090,"A1516","A1416","BVXX043",4200038
"부산광역시","사하구","사하구","사하구","Busan","Saha-gu","Saha-gu","Saha-gu","Saha-gu Busan",2020,NA,21100,21100,21100,21100,"A1510","A1410","BVXX037",4200039
"부산광역시","금정구","금정구","금정구","Busan","Geumjeong-gu","Geumjeong-gu","Geumjeong-gu","Geumjeong-gu Busan",2020,NA,21110,21110,21110,21110,"A1502","A1402","BVXX029",4200040
"부산광역시","강서구","강서구","강서구","Busan","Gangseo-gu","Gangseo-gu","Gangseo-gu","Gangseo-gu Busan",2020,NA,21120,21120,21120,21120,"A1501","A1401","BVXX028",4200041
"부산광역시","연제구","연제구","연제구","Busan","Yeonje-gu","Yeonje-gu","Yeonje-gu","Yeonje-gu Busan",2020,NA,21130,21130,21130,21130,"A1513","A1413","BVXX040",4200042
"부산광역시","수영구","수영구","수영구","Busan","Suyeong-gu","Suyeong-gu","Suyeong-gu","Suyeong-gu Busan",2020,NA,21140,21140,21140,21140,"A1512","A1412","BVXX039",4200043
"부산광역시","사상구","사상구","사상구","Busan","Sasang-gu","Sasang-gu","Sasang-gu","Sasang-gu Busan",2020,NA,21150,21150,21150,21150,"A1509","A1409","BVXX036",4200044
"부산광역시","기장군","기장군","기장군","Busan","Gijang-gun","Gijang-gun","Gijang-gun","Gijang-gun Busan",2020,NA,21510,21310,21510,21510,"A1503","A1403","BVXX030",4200045
"대구광역시","중구","중구","중구","Daegu","Jung-gu","Jung-gu","Jung-gu","Jung-gu Daegu",2020,NA,22010,22010,22010,22010,"A1308","A1208","BVXX052",4200048
"대구광역시","동구","동구","동구","Daegu","Dong-gu","Dong-gu","Dong-gu","Dong-gu Daegu",2020,NA,22020,22020,22020,22020,"A1304","A1204","BVXX048",4200049
"대구광역시","서구","서구","서구","Daegu","Seo-gu","Seo-gu","Seo-gu","Seo-gu Daegu",2020,NA,22030,22030,22030,22030,"A1306","A1206","BVXX050",4200050
"대구광역시","남구","남구","남구","Daegu","Nam-gu","Nam-gu","Nam-gu","Nam-gu Daegu",2020,NA,22040,22040,22040,22040,"A1301","A1201","BVXX045",4200051
"대구광역시","북구","북구","북구","Daegu","Buk-gu","Buk-gu","Buk-gu","Buk-gu Daegu",2020,NA,22050,22050,22050,22050,"A1305","A1205","BVXX049",4200052
"대구광역시","수성구","수성구","수성구","Daegu","Suseong-gu","Suseong-gu","Suseong-gu","Suseong-gu Daegu",2020,NA,22060,22060,22060,22060,"A1307","A1207","BVXX051",4200053
"대구광역시","달서구","달서구","달서구","Daegu","Dalseo-gu","Dalseo-gu","Dalseo-gu","Dalseo-gu Daegu",2020,NA,22070,22070,22070,22070,"A1302","A1202","BVXX046",4200054
"대구광역시","달성군","달성군","달성군","Daegu","Dalseong-gun","Dalseong-gun","Dalseong-gun","Dalseong-gun Daegu",2020,NA,22510,22310,22510,22510,"A1303","A1203","BVXX047",4200055
"대구광역시","군위군","군위군","군위군","Daegu","Gunwi-gun","Gunwi-gun","Gunwi-gun","Gunwi-gun Daegu",2020,NA,22520,22520,37510,37510,"A1309","A1305",NA,NA
"인천광역시","중구","중구","중구","Incheon","Jung-gu","Jung-gu","Jung-gu","Jung-gu Incheon",2020,NA,23010,23010,23010,23010,"A0310","A0210","BVXX063",4200058
"인천광역시","동구","동구","동구","Incheon","Dong-gu","Dong-gu","Dong-gu","Dong-gu Incheon",2020,NA,23020,23020,23020,23020,"A0304","A0205","BVXX058",4200059
"인천광역시","남구","남구","남구","Incheon","Nam-gu","Nam-gu","Nam-gu","Nam-gu Incheon",2015,NA,23030,23030,23030,23030,"","",NA,NA
"인천광역시","연수구","연수구","연수구","Incheon","Yeonsu-gu","Yeonsu-gu","Yeonsu-gu","Yeonsu-gu Incheon",2020,NA,23040,23040,23040,23040,"A0308","A0208","BVXX061",4200061
"인천광역시","남동구","남동구","남동구","Incheon","Namdong-gu","Namdong-gu","Namdong-gu","Namdong-gu Incheon",2020,NA,23050,23050,23050,23050,"A0303","A0204","BVXX057",4200062
"인천광역시","부평구","부평구","부평구","Incheon","Bupyeong-gu","Bupyeong-gu","Bupyeong-gu","Bupyeong-gu Incheon",2020,NA,23060,23060,23060,23060,"A0306","A0206","BVXX059",4200063
"인천광역시","계양구","계양구","계양구","Incheon","Gyeyang-gu","Gyeyang-gu","Gyeyang-gu","Gyeyang-gu Incheon",2020,NA,23070,23070,23070,23070,"A0302","A0202","BVXX055",4200064
"인천광역시","서구","서구","서구","Incheon","Seo-gu","Seo-gu","Seo-gu","Seo-gu Incheon",2020,NA,23080,23080,23080,23080,"A0307","A0207","BVXX060",4200065
"인천광역시","미추홀구","미추홀구","미추홀구","Incheon","Michuhol-gu","Michuhol-gu","Michuhol-gu","Michuhol-gu Incheon",2020,NA,23090,23090,23090,23090,"A0305","A0203","BVXX056A",4200060
"인천광역시","강화군","강화군","강화군","Incheon","Ganghwa-gun","Ganghwa-gun","Ganghwa-gun","Ganghwa-gun Incheon",2020,NA,23510,23310,23510,23510,"A0301","A0201","BVXX054",4200066
"인천광역시","옹진군","옹진군","옹진군","Incheon","Ongjin-gun","Ongjin-gun","Ongjin-gun","Ongjin-gun Incheon",2020,NA,23520,23320,23520,23520,"A0309","A0209","BVXX062",4200067
"광주광역시","동구","동구","동구","Gwangju","Dong-gu","Dong-gu","Dong-gu","Dong-gu Gwangju",2020,NA,24010,24010,24010,24010,"A1003","A0903","BVXX067",4200070
"광주광역시","서구","서구","서구","Gwangju","Seo-gu","Seo-gu","Seo-gu","Seo-gu Gwangju",2020,NA,24020,24020,24020,24020,"A1005","A0905","BVXX069",4200071
"광주광역시","남구","남구","남구","Gwangju","Nam-gu","Nam-gu","Nam-gu","Nam-gu Gwangju",2020,NA,24030,24030,24030,24030,"A1002","A0902","BVXX066",4200072
"광주광역시","북구","북구","북구","Gwangju","Buk-gu","Buk-gu","Buk-gu","Buk-gu Gwangju",2020,NA,24040,24040,24040,24040,"A1004","A0904","BVXX068",4200073
"광주광역시","광산구","광산구","광산구","Gwangju","Gwangsan-gu","Gwangsan-gu","Gwangsan-gu","Gwangsan-gu Gwangju",2020,NA,24050,24050,24050,24050,"A1001","A0901","BVXX065",4200074
"대전광역시","동구","동구","동구","Daejeon","Dong-gu","Dong-gu","Dong-gu","Dong-gu Daejeon",2020,NA,25010,25010,25010,25010,"A0602","A0502","BVXX072",4200077
"대전광역시","중구","중구","중구","Daejeon","Jung-gu","Jung-gu","Jung-gu","Jung-gu Daejeon",2020,NA,25020,25020,25020,25020,"A0605","A0505","BVXX075",4200078
"대전광역시","서구","서구","서구","Daejeon","Seo-gu","Seo-gu","Seo-gu","Seo-gu Daejeon",2020,NA,25030,25030,25030,25030,"A0603","A0503","BVXX073",4200079
"대전광역시","유성구","유성구","유성구","Daejeon","Yuseong-gu","Yuseong-gu","Yuseong-gu","Yuseong-gu Daejeon",2020,NA,25040,25040,25040,25040,"A0604","A0504","BVXX074",4200080
"대전광역시","대덕구","대덕구","대덕구","Daejeon","Daedeok-gu","Daedeok-gu","Daedeok-gu","Daedeok-gu Daejeon",2020,NA,25050,25050,25050,25050,"A0601","A0501","BVXX071",4200081
"울산광역시","중구","중구","중구","Ulsan","Jung-gu","Jung-gu","Jung-gu","Jung-gu Ulsan",2020,NA,26010,26010,26010,26010,"A1605","A1505","BVXX081",4200084
"울산광역시","남구","남구","남구","Ulsan","Nam-gu","Nam-gu","Nam-gu","Nam-gu Ulsan",2020,NA,26020,26020,26020,26020,"A1601","A1501","BVXX077",4200085
"울산광역시","동구","동구","동구","Ulsan","Dong-gu","Dong-gu","Dong-gu","Dong-gu Ulsan",2020,NA,26030,26030,26030,26030,"A1602","A1502","BVXX078",4200086
"울산광역시","북구","북구","북구","Ulsan","Buk-gu","Buk-gu","Buk-gu","Buk-gu Ulsan",2020,NA,26040,26040,26040,26040,"A1603","A1503","BVXX079",4200087
"울산광역시","울주군","울주군","울주군","Ulsan","Ulju-gun","Ulju-gun","Ulju-gun","Ulju-gun Ulsan",2020,NA,26510,26310,26510,26510,"A1604","A1504","BVXX080",4200088
"세종특별자치시","세종시","세종시","세종시","Sejong","Sejong-si","Sejong-si","Sejong-si","Sejong-si Sejong",2020,NA,29010,29010,29010,29010,"A09","A08","BVXX082",4200090
"경기도","수원시","수원시","","Gyeonggi-do","Suwon-si","Suwon-si","Suwon-si","Suwon-si Gyeonggi-do",2020,NA,31010,31010,31010,31010,"A0413","A0313",NA,NA
"경기도","수원시 장안구","수원시","장안구","Gyeonggi-do","Suwon-si","Jangan-gu","Jangan-gu Suwon-si","Jangan-gu Suwon-si Gyeonggi-do",2020,NA,31011,31011,31011,31011,"A0413","A0313","BVXX105",4200093
"경기도","수원시 권선구","수원시","권선구","Gyeonggi-do","Suwon-si","Gwonseon-gu","Gwonseon-gu Suwon-si","Gwonseon-gu Suwon-si Gyeonggi-do",2020,NA,31012,31012,31012,31012,"A0413","A0313","BVXX103",4200094
"경기도","수원시 팔달구","수원시","팔달구","Gyeonggi-do","Suwon-si","Paldal-gu","Paldal-gu Suwon-si","Paldal-gu Suwon-si Gyeonggi-do",2020,NA,31013,31013,31013,31013,"A0413","A0313","BVXX106",4200095
"경기도","수원시 영통구","수원시","영통구","Gyeonggi-do","Suwon-si","Yeongtong-gu","Yeongtong-gu Suwon-si","Yeongtong-gu Suwon-si Gyeonggi-do",2020,NA,31014,31014,31014,31014,"A0413","A0313","BVXX104",4200096
"경기도","성남시","성남시","","Gyeonggi-do","Seongnam-si","Seongnam-si","Seongnam-si","Seongnam-si Gyeonggi-do",2020,NA,31020,31020,31020,31020,"A0412","A0312",NA,NA
"경기도","성남시 수정구","성남시","수정구","Gyeonggi-do","Seongnam-si","Sujeong-gu","Sujeong-gu Seongnam-si","Sujeong-gu Seongnam-si Gyeonggi-do",2020,NA,31021,31021,31021,31021,"A0412","A0312","BVXX101",4200098
"경기도","성남시 중원구","성남시","중원구","Gyeonggi-do","Seongnam-si","Jungwon-gu","Jungwon-gu Seongnam-si","Jungwon-gu Seongnam-si Gyeonggi-do",2020,NA,31022,31022,31022,31022,"A0412","A0312","BVXX102",4200099
"경기도","성남시 분당구","성남시","분당구","Gyeonggi-do","Seongnam-si","Bundang-gu","Bundang-gu Seongnam-si","Bundang-gu Seongnam-si Gyeonggi-do",2020,NA,31023,31023,31023,31023,"A0412","A0312","BVXX100",4200100
"경기도","의정부시","의정부시","의정부시","Gyeonggi-do","Uijeongbu-si","Uijeongbu-si","Uijeongbu-si","Uijeongbu-si Gyeonggi-do",2020,NA,31030,31030,31030,31030,"A0425","A0325","BVXX122",4200101
"경기도","안양시","안양시","","Gyeonggi-do","Anyang-si","Anyang-si","Anyang-si","Anyang-si Gyeonggi-do",2020,NA,31040,31040,31040,31040,"A0417","A0317",NA,NA
"경기도","안양시 만안구","안양시","만안구","Gyeonggi-do","Anyang-si","Manan-gu","Manan-gu Anyang-si","Manan-gu Anyang-si Gyeonggi-do",2020,NA,31041,31041,31041,31041,"A0417","A0317","BVXX112",4200102
"경기도","안양시 동안구","안양시","동안구","Gyeonggi-do","Anyang-si","Dongan-gu","Dongan-gu Anyang-si","Dongan-gu Anyang-si Gyeonggi-do",2020,NA,31042,31042,31042,31042,"A0417","A0317","BVXX111",4200103
"경기도","부천시","부천시","부천시","Gyeonggi-do","Bucheon-si","Bucheon-si","Bucheon-si","Bucheon-si Gyeonggi-do",2020,NA,31050,31050,31050,31050,"A0411","A0311","BVXX096",4200153
"경기도","부천시 원미구","부천시","원미구","Gyeonggi-do","Bucheon-si","Wonmi-gu","Wonmi-gu Bucheon-si","Wonmi-gu Bucheon-si Gyeonggi-do",2015,NA,31051,31051,31051,31051,"","",NA,NA
"경기도","부천시 소사구","부천시","소사구","Gyeonggi-do","Bucheon-si","Sosa-gu","Sosa-gu Bucheon-si","Sosa-gu Bucheon-si Gyeonggi-do",2015,NA,31052,31052,31052,31052,"","",NA,NA
"경기도","부천시 오정구","부천시","오정구","Gyeonggi-do","Bucheon-si","Ojeong-gu","Ojeong-gu Bucheon-si","Ojeong-gu Bucheon-si Gyeonggi-do",2015,NA,31053,31053,31053,31053,"","",NA,NA
"경기도","광명시","광명시","광명시","Gyeonggi-do","Gwangmyeong-si","Gwangmyeong-si","Gwangmyeong-si","Gwangmyeong-si Gyeonggi-do",2020,NA,31060,31060,31060,31060,"A0404","A0304","BVXX089",4200108
"경기도","평택시","평택시","평택시","Gyeonggi-do","Pyeongtaek-si","Pyeongtaek-si","Pyeongtaek-si","Pyeongtaek-si Gyeonggi-do",2020,NA,31070,31070,31070,31070,"A0428","A0328","BVXX125",4200109
"경기도","동두천시","동두천시","동두천시","Gyeonggi-do","Dongducheon-si","Dongducheon-si","Dongducheon-si","Dongducheon-si Gyeonggi-do",2020,NA,31080,31080,31080,31080,"A0410","A0310","BVXX095",4200110
"경기도","안산시","안산시","","Gyeonggi-do","Ansan-si","Ansan-si","Ansan-si","Ansan-si Gyeonggi-do",2020,NA,31090,31090,31090,31090,"A0415","A0315",NA,4200111
"경기도","안산시 상록구","안산시","상록구","Gyeonggi-do","Ansan-si","Sangnok-gu","Sangnok-gu Ansan-si","Sangnok-gu Ansan-si Gyeonggi-do",2020,NA,31091,31091,31091,31091,"A0415","A0315","BVXX109",4200113
"경기도","안산시 단원구","안산시","단원구","Gyeonggi-do","Ansan-si","Danwon-gu","Danwon-gu Ansan-si","Danwon-gu Ansan-si Gyeonggi-do",2020,NA,31092,31092,31092,31092,"A0415","A0315","BVXX108",4200112
"경기도","고양시","고양시","","Gyeonggi-do","Goyang-si","Goyang-si","Goyang-si","Goyang-si Gyeonggi-do",2020,NA,31100,31100,31100,31100,"A0402","A0302",NA,4200114
"경기도","고양시 덕양구","고양시","덕양구","Gyeonggi-do","Goyang-si","Deogyang-gu","Deogyang-gu Goyang-si","Deogyang-gu Goyang-si Gyeonggi-do",2020,NA,31101,31101,31101,31101,"A0402","A0302","BVXX085",4200115
"경기도","고양시 일산동구","고양시","일산동구","Gyeonggi-do","Goyang-si","Ilsandong-gu","Ilsandong-gu Goyang-si","Ilsandong-gu Goyang-si Gyeonggi-do",2020,NA,31103,31103,31103,31103,"A0402","A0302","BVXX086",4200117
"경기도","고양시 일산서구","고양시","일산서구","Gyeonggi-do","Goyang-si","Ilsanseo-gu","Ilsanseo-gu Goyang-si","Ilsanseo-gu Goyang-si Gyeonggi-do",2020,NA,31104,31104,31104,31104,"A0402","A0302","BVXX087",4200118
"경기도","과천시","과천시","과천시","Gyeonggi-do","Gwacheon-si","Gwacheon-si","Gwacheon-si","Gwacheon-si Gyeonggi-do",2020,NA,31110,31110,31110,31110,"A0403","A0303","BVXX088",4200119
"경기도","구리시","구리시","구리시","Gyeonggi-do","Guri-si","Guri-si","Guri-si","Guri-si Gyeonggi-do",2020,NA,31120,31120,31120,31120,"A0406","A0306","BVXX091",4200120
"경기도","남양주시","남양주시","남양주시","Gyeonggi-do","Namyangju-si","Namyangju-si","Namyangju-si","Namyangju-si Gyeonggi-do",2020,NA,31130,31130,31130,31130,"A0409","A0309","BVXX094",4200121
"경기도","오산시","오산시","오산시","Gyeonggi-do","Osan-si","Osan-si","Osan-si","Osan-si Gyeonggi-do",2020,NA,31140,31140,31140,31140,"A0422","A0322","BVXX117",4200122
"경기도","시흥시","시흥시","시흥시","Gyeonggi-do","Siheung-si","Siheung-si","Siheung-si","Siheung-si Gyeonggi-do",2020,NA,31150,31150,31150,31150,"A0414","A0314","BVXX107",4200123
"경기도","군포시","군포시","군포시","Gyeonggi-do","Gunpo-si","Gunpo-si","Gunpo-si","Gunpo-si Gyeonggi-do",2020,NA,31160,31160,31160,31160,"A0407","A0307","BVXX092",4200124
"경기도","의왕시","의왕시","의왕시","Gyeonggi-do","Uiwang-si","Uiwang-si","Uiwang-si","Uiwang-si Gyeonggi-do",2020,NA,31170,31170,31170,31170,"A0424","A0324","BVXX121",4200125
"경기도","하남시","하남시","하남시","Gyeonggi-do","Hanam-si","Hanam-si","Hanam-si","Hanam-si Gyeonggi-do",2020,NA,31180,31180,31180,31180,"A0430","A0330","BVXX127",4200126
"경기도","용인시","용인시","","Gyeonggi-do","Yongin-si","Yongin-si","Yongin-si","Yongin-si Gyeonggi-do",2020,NA,31190,31190,31190,31190,"A0423","A0323",NA,4200127
"경기도","용인시 처인구","용인시","처인구","Gyeonggi-do","Yongin-si","Cheoin-gu","Cheoin-gu Yongin-si","Cheoin-gu Yongin-si Gyeonggi-do",2020,NA,31191,31191,31191,31191,"A0423","A0323","BVXX120",4200128
"경기도","용인시 기흥구","용인시","기흥구","Gyeonggi-do","Yongin-si","Giheung-gu","Giheung-gu Yongin-si","Giheung-gu Yongin-si Gyeonggi-do",2020,NA,31192,31192,31192,31192,"A0423","A0323","BVXX118",4200129
"경기도","용인시 수지구","용인시","수지구","Gyeonggi-do","Yongin-si","Suji-gu","Suji-gu Yongin-si","Suji-gu Yongin-si Gyeonggi-do",2020,NA,31193,31193,31193,31193,"A0423","A0323","BVXX119",4200130
"경기도","파주시","파주시","파주시","Gyeonggi-do","Paju-si","Paju-si","Paju-si","Paju-si Gyeonggi-do",2020,NA,31200,31200,31200,31200,"A0427","A0327","BVXX124",4200132
"경기도","이천시","이천시","이천시","Gyeonggi-do","Icheon-si","Icheon-si","Icheon-si","Icheon-si Gyeonggi-do",2020,NA,31210,31210,31210,31210,"A0426","A0326","BVXX123",4200134
"경기도","안성시","안성시","안성시","Gyeonggi-do","Anseong-si","Anseong-si","Anseong-si","Anseong-si Gyeonggi-do",2020,NA,31220,31220,31220,31220,"A0416","A0316","BVXX110",4200136
"경기도","김포시","김포시","김포시","Gyeonggi-do","Gimpo-si","Gimpo-si","Gimpo-si","Gimpo-si Gyeonggi-do",2020,NA,31230,31230,31230,31230,"A0408","A0308","BVXX093",4200138
"경기도","화성시","화성시","화성시","Gyeonggi-do","Hwaseong-si","Hwaseong-si","Hwaseong-si","Hwaseong-si Gyeonggi-do",2020,NA,31240,31240,31240,31240,"A0431","A0331","BVXX128",4200140
"경기도","광주시","광주시","광주시","Gyeonggi-do","Gwangju-si","Gwangju-si","Gwangju-si","Gwangju-si Gyeonggi-do",2020,NA,31250,31250,31250,31250,"A0405","A0305","BVXX090",4200142
"경기도","양주시","양주시","양주시","Gyeonggi-do","Yangju-si","Yangju-si","Yangju-si","Yangju-si Gyeonggi-do",2020,NA,31260,31260,31260,31260,"A0418","A0318","BVXX113",4200144
"경기도","포천시","포천시","포천시","Gyeonggi-do","Pocheon-si","Pocheon-si","Pocheon-si","Pocheon-si Gyeonggi-do",2020,NA,31270,31270,31270,31270,"A0429","A0329","BVXX126",4200146
"경기도","여주시","여주시","여주시","Gyeonggi-do","Yeoju-si","Yeoju-si","Yeoju-si","Yeoju-si Gyeonggi-do",2020,NA,31280,31280,31280,31280,"A0420","A0320","BVXX1151",4200152
"경기도","여주군","여주군","여주군","Gyeonggi-do","Yeoju-gun","Yeoju-gun","Yeoju-gun","Yeoju-gun Gyeonggi-do",2010,NA,31320,31320,31320,31320,"","",NA,NA
"경기도","연천군","연천군","연천군","Gyeonggi-do","Yeoncheon-gun","Yeoncheon-gun","Yeoncheon-gun","Yeoncheon-gun Gyeonggi-do",2020,NA,31550,31350,31550,31550,"A0421","A0321","BVXX116",4200149
"경기도","가평군","가평군","가평군","Gyeonggi-do","Gapyeong-gun","Gapyeong-gun","Gapyeong-gun","Gapyeong-gun Gyeonggi-do",2020,NA,31570,31370,31570,31570,"A0401","A0301","BVXX084",4200150
"경기도","양평군","양평군","양평군","Gyeonggi-do","Yangpyeong-gun","Yangpyeong-gun","Yangpyeong-gun","Yangpyeong-gun Gyeonggi-do",2020,NA,31580,31380,31580,31580,"A0419","A0319","BVXX114",4200151
"강원특별자치도","춘천시","춘천시","춘천시","Gangwon-do","Chuncheon-si","Chuncheon-si","Chuncheon-si","Chuncheon-si Gangwon-do",2020,NA,32010,32010,32010,32010,"A0513","A0413","BVXX143",4200156
"강원특별자치도","원주시","원주시","원주시","Gangwon-do","Wonju-si","Wonju-si","Wonju-si","Wonju-si Gangwon-do",2020,NA,32020,32020,32020,32020,"A0509","A0409","BVXX139",4200157
"강원특별자치도","강릉시","강릉시","강릉시","Gangwon-do","Gangneung-si","Gangneung-si","Gangneung-si","Gangneung-si Gangwon-do",2020,NA,32030,32030,32030,32030,"A0501","A0401","BVXX131",4200158
"강원특별자치도","동해시","동해시","동해시","Gangwon-do","Donghae-si","Donghae-si","Donghae-si","Donghae-si Gangwon-do",2020,NA,32040,32040,32040,32040,"A0503","A0403","BVXX133",4200159
"강원특별자치도","태백시","태백시","태백시","Gangwon-do","Taebaek-si","Taebaek-si","Taebaek-si","Taebaek-si Gangwon-do",2020,NA,32050,32050,32050,32050,"A0514","A0414","BVXX144",4200160
"강원특별자치도","속초시","속초시","속초시","Gangwon-do","Sokcho-si","Sokcho-si","Sokcho-si","Sokcho-si Gangwon-do",2020,NA,32060,32060,32060,32060,"A0505","A0405","BVXX135",4200161
"강원특별자치도","삼척시","삼척시","삼척시","Gangwon-do","Samcheok-si","Samcheok-si","Samcheok-si","Samcheok-si Gangwon-do",2020,NA,32070,32070,32070,32070,"A0504","A0404","BVXX134",4200162
"강원특별자치도","홍천군","홍천군","홍천군","Gangwon-do","Hongcheon-gun","Hongcheon-gun","Hongcheon-gun","Hongcheon-gun Gangwon-do",2020,NA,32510,32310,32510,32510,"A0516","A0416","BVXX146",4200163
"강원특별자치도","횡성군","횡성군","횡성군","Gangwon-do","Hoengseong-gun","Hoengseong-gun","Hoengseong-gun","Hoengseong-gun Gangwon-do",2020,NA,32520,32320,32520,32520,"A0518","A0418","BVXX148",4200164
"강원특별자치도","영월군","영월군","영월군","Gangwon-do","Yeongwol-gun","Yeongwol-gun","Yeongwol-gun","Yeongwol-gun Gangwon-do",2020,NA,32530,32330,32530,32530,"A0508","A0408","BVXX138",4200165
"강원특별자치도","평창군","평창군","평창군","Gangwon-do","Pyeongchang-gun","Pyeongchang-gun","Pyeongchang-gun","Pyeongchang-gun Gangwon-do",2020,NA,32540,32340,32540,32540,"A0515","A0415","BVXX145",4200166
"강원특별자치도","정선군","정선군","정선군","Gangwon-do","Jeongseon-gun","Jeongseon-gun","Jeongseon-gun","Jeongseon-gun Gangwon-do",2020,NA,32550,32350,32550,32550,"A0511","A0411","BVXX141",4200167
"강원특별자치도","철원군","철원군","철원군","Gangwon-do","Cheorwon-gun","Cheorwon-gun","Cheorwon-gun","Cheorwon-gun Gangwon-do",2020,NA,32560,32360,32560,32560,"A0512","A0412","BVXX142",4200168
"강원특별자치도","화천군","화천군","화천군","Gangwon-do","Hwacheon-gun","Hwacheon-gun","Hwacheon-gun","Hwacheon-gun Gangwon-do",2020,NA,32570,32370,32570,32570,"A0517","A0417","BVXX147",4200169
"강원특별자치도","양구군","양구군","양구군","Gangwon-do","Yanggu-gun","Yanggu-gun","Yanggu-gun","Yanggu-gun Gangwon-do",2020,NA,32580,32380,32580,32580,"A0506","A0406","BVXX136",4200170
"강원특별자치도","인제군","인제군","인제군","Gangwon-do","Inje-gun","Inje-gun","Inje-gun","Inje-gun Gangwon-do",2020,NA,32590,32390,32590,32590,"A0510","A0410","BVXX140",4200171
"강원특별자치도","고성군","고성군","고성군","Gangwon-do","Goseong-gun","Goseong-gun","Goseong-gun","Goseong-gun Gangwon-do",2020,NA,32600,32400,32600,32600,"A0502","A0402","BVXX132",4200172
"강원특별자치도","양양군","양양군","양양군","Gangwon-do","Yangyang-gun","Yangyang-gun","Yangyang-gun","Yangyang-gun Gangwon-do",2020,NA,32610,32410,32610,32610,"A0507","A0407","BVXX137",4200173
"충청북도","청주시","청주시","","Chungcheongbuk-do","Cheongju-si","Cheongju-si","Cheongju-si","Cheongju-si Chungcheongbuk-do",2010,NA,33010,33010,33010,33010,"","",NA,NA
"충청북도","청주시 상당구","청주시","상당구","Chungcheongbuk-do","Cheongju-si","Sangdang-gu","Sangdang-gu Cheongju-si","Sangdang-gu Cheongju-si Chungcheongbuk-do",2010,NA,33011,33011,33011,33011,"","",NA,NA
"충청북도","청주시 흥덕구","청주시","흥덕구","Chungcheongbuk-do","Cheongju-si","Heungdeok-gu","Heungdeok-gu Cheongju-si","Heungdeok-gu Cheongju-si Chungcheongbuk-do",2010,NA,33012,33012,33012,33012,"","",NA,NA
"충청북도","충주시","충주시","충주시","Chungcheongbuk-do","Chungju-si","Chungju-si","Chungju-si","Chungju-si Chungcheongbuk-do",2020,NA,33020,33020,33020,33020,"A0711","A0611","BVXX162",4200180
"충청북도","제천시","제천시","제천시","Chungcheongbuk-do","Jecheon-si","Jecheon-si","Jecheon-si","Jecheon-si Chungcheongbuk-do",2020,NA,33030,33030,33030,33030,"A0707","A0607","BVXX156",4200181
"충청북도","청주시","청주시","","Chungcheongbuk-do","Cheongju-si","Cheongju-si","Cheongju-si","Cheongju-si Chungcheongbuk-do",2020,NA,33040,33040,33040,33040,"A0710","A0610",NA,NA
"충청북도","청주시 상당구","청주시","상당구","Chungcheongbuk-do","Cheongju-si","Sangdang-gu","Sangdang-gu Cheongju-si","Sangdang-gu Cheongju-si Chungcheongbuk-do",2020,NA,33041,33041,33041,33041,"A0710","A0610","BVXX160",4200176
"충청북도","청주시 서원구","청주시","서원구","Chungcheongbuk-do","Cheongju-si","Seowon-gu","Seowon-gu Cheongju-si","Seowon-gu Cheongju-si Chungcheongbuk-do",2020,NA,33042,33042,33042,33042,"A0710","A0610","BVXX160A",4200178
"충청북도","청주시 흥덕구","청주시","흥덕구","Chungcheongbuk-do","Cheongju-si","Heungdeok-gu","Heungdeok-gu Cheongju-si","Heungdeok-gu Cheongju-si Chungcheongbuk-do",2020,NA,33043,33043,33043,33043,"A0710","A0610","BVXX161",4200177
"충청북도","청주시 청원구","청주시","청원구","Chungcheongbuk-do","Cheongju-si","Cheongwon-gu","Cheongwon-gu Cheongju-si","Cheongwon-gu Cheongju-si Chungcheongbuk-do",2020,NA,33044,33044,33044,33044,"A0710","A0610","BVXX160B",4200179
"충청북도","청원군","청원군","청원군","Chungcheongbuk-do","Cheongju-si","Cheongwon-gun","Cheongwon-gun Cheongju-si","Cheongwon-gun Cheongju-si Chungcheongbuk-do",2010,NA,33310,33310,33310,33310,"","",NA,NA
"충청북도","보은군","보은군","보은군","Chungcheongbuk-do","Boeun-gun","Boeun-gun","Boeun-gun","Boeun-gun Chungcheongbuk-do",2020,NA,33520,33320,33520,33520,"A0703","A0603","BVXX152",4200183
"충청북도","옥천군","옥천군","옥천군","Chungcheongbuk-do","Okcheon-gun","Okcheon-gun","Okcheon-gun","Okcheon-gun Chungcheongbuk-do",2020,NA,33530,33330,33530,33530,"A0705","A0605","BVXX154",4200184
"충청북도","영동군","영동군","영동군","Chungcheongbuk-do","Yeongdong-gun","Yeongdong-gun","Yeongdong-gun","Yeongdong-gun Chungcheongbuk-do",2020,NA,33540,33340,33540,33540,"A0704","A0604","BVXX153",4200185
"충청북도","진천군","진천군","진천군","Chungcheongbuk-do","Jincheon-gun","Jincheon-gun","Jincheon-gun","Jincheon-gun Chungcheongbuk-do",2020,NA,33550,33350,33550,33550,"A0709","A0609","BVXX158",4200188
"충청북도","괴산군","괴산군","괴산군","Chungcheongbuk-do","Goesan-gun","Goesan-gun","Goesan-gun","Goesan-gun Chungcheongbuk-do",2020,NA,33560,33360,33560,33560,"A0701","A0601","BVXX150",4200189
"충청북도","음성군","음성군","음성군","Chungcheongbuk-do","Eumseong-gun","Eumseong-gun","Eumseong-gun","Eumseong-gun Chungcheongbuk-do",2020,NA,33570,33370,33570,33570,"A0706","A0606","BVXX155",4200190
"충청북도","단양군","단양군","단양군","Chungcheongbuk-do","Danyang-gun","Danyang-gun","Danyang-gun","Danyang-gun Chungcheongbuk-do",2020,NA,33580,33380,33580,33580,"A0702","A0602","BVXX151",4200191
"충청북도","증평군","증평군","증평군","Chungcheongbuk-do","Jeungpyeong-gun","Jeungpyeong-gun","Jeungpyeong-gun","Jeungpyeong-gun Chungcheongbuk-do",2020,NA,33590,33390,33590,33590,"A0708","A0608","BVXX157",4200186
"충청남도","천안시","천안시","동남구","Chungcheongnam-do","Cheonan-si","Cheonan-si","Cheonan-si","Cheonan-si Chungcheongnam-do",2020,NA,34010,34010,34010,34010,"A0812","A0712",NA,4200195
"충청남도","천안시 동남구","천안시","동남구","Chungcheongnam-do","Cheonan-si","Dongnam-gu","Dongnam-gu Cheonan-si","Dongnam-gu Cheonan-si Chungcheongnam-do",2020,NA,34011,34011,34011,34011,"A0812","A0712","BVXX177",4200196
"충청남도","천안시 서북구","천안시","서북구","Chungcheongnam-do","Cheonan-si","Seobuk-gu","Seobuk-gu Cheonan-si","Seobuk-gu Cheonan-si Chungcheongnam-do",2020,NA,34012,34012,34012,34012,"A0812","A0712","BVXX178",4200197
"충청남도","공주시","공주시","공주시","Chungcheongnam-do","Gongju-si","Gongju-si","Gongju-si","Gongju-si Chungcheongnam-do",2020,NA,34020,34020,34020,34020,"A0802","A0702","BVXX165",4200199
"충청남도","보령시","보령시","보령시","Chungcheongnam-do","Boryeong-si","Boryeong-si","Boryeong-si","Boryeong-si Chungcheongnam-do",2020,NA,34030,34030,34030,34030,"A0806","A0706","BVXX170",4200200
"충청남도","아산시","아산시","아산시","Chungcheongnam-do","Asan-si","Asan-si","Asan-si","Asan-si Chungcheongnam-do",2020,NA,34040,34040,34040,34040,"A0810","A0710","BVXX174",4200201
"충청남도","서산시","서산시","서산시","Chungcheongnam-do","Seosan-si","Seosan-si","Seosan-si","Seosan-si Chungcheongnam-do",2020,NA,34050,34050,34050,34050,"A0808","A0708","BVXX172",4200202
"충청남도","논산시","논산시","논산시","Chungcheongnam-do","Nonsan-si","Nonsan-si","Nonsan-si","Nonsan-si Chungcheongnam-do",2020,NA,34060,34060,34060,34060,"A0804","A0704","BVXX167",4200203
"충청남도","계룡시","계룡시","계룡시","Chungcheongnam-do","Gyeryong-si","Gyeryong-si","Gyeryong-si","Gyeryong-si Chungcheongnam-do",2020,NA,34070,34070,34070,34070,"A0801","A0701","BVXX164",4200205
"충청남도","당진시","당진시","당진시","Chungcheongnam-do","Dangjin-si","Dangjin-si","Dangjin-si","Dangjin-si Chungcheongnam-do",2020,NA,34080,34080,34080,34080,"A0805","A0705","BVXX169",4200216
"충청남도","금산군","금산군","금산군","Chungcheongnam-do","Geumsan-gun","Geumsan-gun","Geumsan-gun","Geumsan-gun Chungcheongnam-do",2020,NA,34510,34310,34510,34510,"A0803","A0703","BVXX166",4200207
"충청남도","연기군","연기군","연기군","Chungcheongnam-do","Yeongi-gun","Yeongi-gun","Yeongi-gun","Yeongi-gun Chungcheongnam-do",2010,NA,34320,34320,34320,34320,"","",NA,NA
"충청남도","부여군","부여군","부여군","Chungcheongnam-do","Buyeo-gun","Buyeo-gun","Buyeo-gun","Buyeo-gun Chungcheongnam-do",2020,NA,34530,34330,34530,34530,"A0807","A0707","BVXX171",4200209
"충청남도","서천군","서천군","서천군","Chungcheongnam-do","Seocheon-gun","Seocheon-gun","Seocheon-gun","Seocheon-gun Chungcheongnam-do",2020,NA,34540,34340,34540,34540,"A0809","A0709","BVXX173",4200210
"충청남도","청양군","청양군","청양군","Chungcheongnam-do","Cheongyang-gun","Cheongyang-gun","Cheongyang-gun","Cheongyang-gun Chungcheongnam-do",2020,NA,34550,34350,34550,34550,"A0813","A0713","BVXX179",4200211
"충청남도","홍성군","홍성군","홍성군","Chungcheongnam-do","Hongseong-gun","Hongseong-gun","Hongseong-gun","Hongseong-gun Chungcheongnam-do",2020,NA,34560,34360,34560,34560,"A0815","A0715","BVXX181",4200212
"충청남도","예산군","예산군","예산군","Chungcheongnam-do","Yesan-gun","Yesan-gun","Yesan-gun","Yesan-gun Chungcheongnam-do",2020,NA,34570,34370,34570,34570,"A0811","A0711","BVXX176",4200213
"충청남도","태안군","태안군","태안군","Chungcheongnam-do","Taean-gun","Taean-gun","Taean-gun","Taean-gun Chungcheongnam-do",2020,NA,34580,34380,34580,34580,"A0814","A0714","BVXX180",4200214
"충청남도","당진군","당진군","당진군","Chungcheongnam-do","Dangjin-gun","Dangjin-gun","Dangjin-gun","Dangjin-gun Chungcheongnam-do",2010,NA,34390,34390,34390,34390,"","",NA,NA
"전라북도","전주시","전주시","","Jeollabuk-do","Jeonju-si","Jeonju-si","Jeonju-si","Jeonju-si Jeollabuk-do",2020,NA,35010,35010,35010,35010,"A1112","A1012",NA,NA
"전라북도","전주시 완산구","전주시","완산구","Jeollabuk-do","Jeonju-si","Wansan-gu","Wansan-gu Jeonju-si","Wansan-gu Jeonju-si Jeollabuk-do",2020,NA,35011,35011,35011,35011,"A1112","A1012","BVXX195",4200219
"전라북도","전주시 덕진구","전주시","덕진구","Jeollabuk-do","Jeonju-si","Deokjin-gu","Deokjin-gu Jeonju-si","Deokjin-gu Jeonju-si Jeollabuk-do",2020,NA,35012,35012,35012,35012,"A1112","A1012","BVXX194",4200220
"전라북도","군산시","군산시","군산시","Jeollabuk-do","Gunsan-si","Gunsan-si","Gunsan-si","Gunsan-si Jeollabuk-do",2020,NA,35020,35020,35020,35020,"A1102","A1002","BVXX184",4200221
"전라북도","익산시","익산시","익산시","Jeollabuk-do","Iksan-si","Iksan-si","Iksan-si","Iksan-si Jeollabuk-do",2020,NA,35030,35030,35030,35030,"A1109","A1009","BVXX191",4200222
"전라북도","정읍시","정읍시","정읍시","Jeollabuk-do","Jeongeup-si","Jeongeup-si","Jeongeup-si","Jeongeup-si Jeollabuk-do",2020,NA,35040,35040,35040,35040,"A1113","A1013","BVXX196",4200224
"전라북도","남원시","남원시","남원시","Jeollabuk-do","Namwon-si","Namwon-si","Namwon-si","Namwon-si Jeollabuk-do",2020,NA,35050,35050,35050,35050,"A1104","A1004","BVXX186",4200225
"전라북도","김제시","김제시","김제시","Jeollabuk-do","Gimje-si","Gimje-si","Gimje-si","Gimje-si Jeollabuk-do",2020,NA,35060,35060,35060,35060,"A1103","A1003","BVXX185",4200226
"전라북도","완주군","완주군","완주군","Jeollabuk-do","Wanju-gun","Wanju-gun","Wanju-gun","Wanju-gun Jeollabuk-do",2020,NA,35510,35310,35510,35510,"A1108","A1008","BVXX190",4200227
"전라북도","진안군","진안군","진안군","Jeollabuk-do","Jinan-gun","Jinan-gun","Jinan-gun","Jinan-gun Jeollabuk-do",2020,NA,35520,35320,35520,35520,"A1114","A1014","BVXX197",4200228
"전라북도","무주군","무주군","무주군","Jeollabuk-do","Muju-gun","Muju-gun","Muju-gun","Muju-gun Jeollabuk-do",2020,NA,35530,35330,35530,35530,"A1105","A1005","BVXX187",4200229
"전라북도","장수군","장수군","장수군","Jeollabuk-do","Jangsu-gun","Jangsu-gun","Jangsu-gun","Jangsu-gun Jeollabuk-do",2020,NA,35540,35340,35540,35540,"A1111","A1011","BVXX193",4200230
"전라북도","임실군","임실군","임실군","Jeollabuk-do","Imsil-gun","Imsil-gun","Imsil-gun","Imsil-gun Jeollabuk-do",2020,NA,35550,35350,35550,35550,"A1110","A1010","BVXX192",4200231
"전라북도","순창군","순창군","순창군","Jeollabuk-do","Sunchang-gun","Sunchang-gun","Sunchang-gun","Sunchang-gun Jeollabuk-do",2020,NA,35560,35360,35560,35560,"A1107","A1007","BVXX189",4200232
"전라북도","고창군","고창군","고창군","Jeollabuk-do","Gochang-gun","Gochang-gun","Gochang-gun","Gochang-gun Jeollabuk-do",2020,NA,35570,35370,35570,35570,"A1101","A1001","BVXX183",4200233
"전라북도","부안군","부안군","부안군","Jeollabuk-do","Buan-gun","Buan-gun","Buan-gun","Buan-gun Jeollabuk-do",2020,NA,35580,35380,35580,35580,"A1106","A1006","BVXX188",4200234
"전라남도","목포시","목포시","목포시","Jeollanam-do","Mokpo-si","Mokpo-si","Mokpo-si","Mokpo-si Jeollanam-do",2020,NA,36010,36010,36010,36010,"A1208","A1108","BVXX206",4200237
"전라남도","여수시","여수시","여수시","Jeollanam-do","Yeosu-si","Yeosu-si","Yeosu-si","Yeosu-si Jeollanam-do",2020,NA,36020,36020,36020,36020,"A1213","A1113","BVXX211",4200238
"전라남도","순천시","순천시","순천시","Jeollanam-do","Suncheon-si","Suncheon-si","Suncheon-si","Suncheon-si Jeollanam-do",2020,NA,36030,36030,36030,36030,"A1211","A1111","BVXX209",4200239
"전라남도","나주시","나주시","나주시","Jeollanam-do","Naju-si","Naju-si","Naju-si","Naju-si Jeollanam-do",2020,NA,36040,36040,36040,36040,"A1206","A1106","BVXX204",4200240
"전라남도","광양시","광양시","광양시","Jeollanam-do","Gwangyang-si","Gwangyang-si","Gwangyang-si","Gwangyang-si Jeollanam-do",2020,NA,36060,36060,36060,36060,"A1204","A1104","BVXX202",4200241
"전라남도","담양군","담양군","담양군","Jeollanam-do","Damyang-gun","Damyang-gun","Damyang-gun","Damyang-gun Jeollanam-do",2020,NA,36510,36310,36510,36510,"A1207","A1107","BVXX205",4200242
"전라남도","곡성군","곡성군","곡성군","Jeollanam-do","Gokseong-gun","Gokseong-gun","Gokseong-gun","Gokseong-gun Jeollanam-do",2020,NA,36520,36320,36520,36520,"A1203","A1103","BVXX201",4200243
"전라남도","구례군","구례군","구례군","Jeollanam-do","Gurye-gun","Gurye-gun","Gurye-gun","Gurye-gun Jeollanam-do",2020,NA,36530,36330,36530,36530,"A1205","A1105","BVXX203",4200244
"전라남도","고흥군","고흥군","고흥군","Jeollanam-do","Goheung-gun","Goheung-gun","Goheung-gun","Goheung-gun Jeollanam-do",2020,NA,36550,36350,36550,36550,"A1202","A1102","BVXX200",4200247
"전라남도","보성군","보성군","보성군","Jeollanam-do","Boseong-gun","Boseong-gun","Boseong-gun","Boseong-gun Jeollanam-do",2020,NA,36560,36360,36560,36560,"A1210","A1110","BVXX208",4200248
"전라남도","화순군","화순군","화순군","Jeollanam-do","Hwasun-gun","Hwasun-gun","Hwasun-gun","Hwasun-gun Jeollanam-do",2020,NA,36570,36370,36570,36570,"A1222","A1122","BVXX220",4200249
"전라남도","장흥군","장흥군","장흥군","Jeollanam-do","Jangheung-gun","Jangheung-gun","Jangheung-gun","Jangheung-gun Jeollanam-do",2020,NA,36580,36380,36580,36580,"A1218","A1118","BVXX216",4200250
"전라남도","강진군","강진군","강진군","Jeollanam-do","Gangjin-gun","Gangjin-gun","Gangjin-gun","Gangjin-gun Jeollanam-do",2020,NA,36590,36390,36590,36590,"A1201","A1101","BVXX199",4200251
"전라남도","해남군","해남군","해남군","Jeollanam-do","Haenam-gun","Haenam-gun","Haenam-gun","Haenam-gun Jeollanam-do",2020,NA,36600,36400,36600,36600,"A1221","A1121","BVXX219",4200252
"전라남도","영암군","영암군","영암군","Jeollanam-do","Yeongam-gun","Yeongam-gun","Yeongam-gun","Yeongam-gun Jeollanam-do",2020,NA,36610,36410,36610,36610,"A1215","A1115","BVXX213",4200253
"전라남도","무안군","무안군","무안군","Jeollanam-do","Muan-gun","Muan-gun","Muan-gun","Muan-gun Jeollanam-do",2020,NA,36620,36420,36620,36620,"A1209","A1109","BVXX207",4200254
"전라남도","함평군","함평군","함평군","Jeollanam-do","Hampyeong-gun","Hampyeong-gun","Hampyeong-gun","Hampyeong-gun Jeollanam-do",2020,NA,36630,36430,36630,36630,"A1220","A1120","BVXX218",4200255
"전라남도","영광군","영광군","영광군","Jeollanam-do","Yeonggwang-gun","Yeonggwang-gun","Yeonggwang-gun","Yeonggwang-gun Jeollanam-do",2020,NA,36640,36440,36640,36640,"A1214","A1114","BVXX212",4200256
"전라남도","장성군","장성군","장성군","Jeollanam-do","Jangseong-gun","Jangseong-gun","Jangseong-gun","Jangseong-gun Jeollanam-do",2020,NA,36650,36450,36650,36650,"A1217","A1117","BVXX215",4200257
"전라남도","완도군","완도군","완도군","Jeollanam-do","Wando-gun","Wando-gun","Wando-gun","Wando-gun Jeollanam-do",2020,NA,36660,36460,36660,36660,"A1216","A1116","BVXX214",4200258
"전라남도","진도군","진도군","진도군","Jeollanam-do","Jindo-gun","Jindo-gun","Jindo-gun","Jindo-gun Jeollanam-do",2020,NA,36670,36470,36670,36670,"A1219","A1119","BVXX217",4200259
"전라남도","신안군","신안군","신안군","Jeollanam-do","Sinan-gun","Sinan-gun","Sinan-gun","Sinan-gun Jeollanam-do",2020,NA,36680,36480,36680,36680,"A1212","A1112","BVXX210",4200260
"경상북도","포항시","포항시","","Gyeongsangbuk-do","Pohang-si","Pohang-si","Pohang-si","Pohang-si Gyeongsangbuk-do",2020,NA,37010,37010,37010,37010,"A1423","A1323",NA,NA
"경상북도","포항시 남구","포항시","남구","Gyeongsangbuk-do","Pohang-si","Nam-gu","Nam-gu Pohang-si","Nam-gu Pohang-si Gyeongsangbuk-do",2020,NA,37011,37011,37011,37011,"A1423","A1323","BVXX244",4200263
"경상북도","포항시 북구","포항시","북구","Gyeongsangbuk-do","Pohang-si","Buk-gu","Buk-gu Pohang-si","Buk-gu Pohang-si Gyeongsangbuk-do",2020,NA,37012,37012,37012,37012,"A1423","A1323","BVXX245",4200264
"경상북도","경주시","경주시","경주시","Gyeongsangbuk-do","Gyeongju-si","Gyeongju-si","Gyeongju-si","Gyeongju-si Gyeongsangbuk-do",2020,NA,37020,37020,37020,37020,"A1402","A1302","BVXX223",4200265
"경상북도","김천시","김천시","김천시","Gyeongsangbuk-do","Gimcheon-si","Gimcheon-si","Gimcheon-si","Gimcheon-si Gyeongsangbuk-do",2020,NA,37030,37030,37030,37030,"A1406","A1306","BVXX227",4200266
"경상북도","안동시","안동시","안동시","Gyeongsangbuk-do","Andong-si","Andong-si","Andong-si","Andong-si Gyeongsangbuk-do",2020,NA,37040,37040,37040,37040,"A1411","A1311","BVXX232",4200267
"경상북도","구미시","구미시","구미시","Gyeongsangbuk-do","Gumi-si","Gumi-si","Gumi-si","Gumi-si Gyeongsangbuk-do",2020,NA,37050,37050,37050,37050,"A1404","A1304","BVXX225",4200268
"경상북도","영주시","영주시","영주시","Gyeongsangbuk-do","Yeongju-si","Yeongju-si","Yeongju-si","Yeongju-si Gyeongsangbuk-do",2020,NA,37060,37060,37060,37060,"A1414","A1314","BVXX235",4200269
"경상북도","영천시","영천시","영천시","Gyeongsangbuk-do","Yeongcheon-si","Yeongcheon-si","Yeongcheon-si","Yeongcheon-si Gyeongsangbuk-do",2020,NA,37070,37070,37070,37070,"A1415","A1315","BVXX236",4200270
"경상북도","상주시","상주시","상주시","Gyeongsangbuk-do","Sangju-si","Sangju-si","Sangju-si","Sangju-si Gyeongsangbuk-do",2020,NA,37080,37080,37080,37080,"A1409","A1309","BVXX230",4200271
"경상북도","문경시","문경시","문경시","Gyeongsangbuk-do","Mungyeong-si","Mungyeong-si","Mungyeong-si","Mungyeong-si Gyeongsangbuk-do",2020,NA,37090,37090,37090,37090,"A1407","A1307","BVXX228",4200272
"경상북도","경산시","경산시","경산시","Gyeongsangbuk-do","Gyeongsan-si","Gyeongsan-si","Gyeongsan-si","Gyeongsan-si Gyeongsangbuk-do",2020,NA,37100,37100,37100,37100,"A1401","A1301","BVXX222",4200273
"경상북도","군위군","군위군","군위군","Gyeongsangbuk-do","Gunwi-gun","Gunwi-gun","Gunwi-gun","Gunwi-gun Gyeongsangbuk-do",2020,1,37510,37310,37310,37310,"","","BVXX226",4200274
"경상북도","의성군","의성군","의성군","Gyeongsangbuk-do","Uiseong-gun","Uiseong-gun","Uiseong-gun","Uiseong-gun Gyeongsangbuk-do",2020,NA,37520,37320,37520,37520,"A1419","A1319","BVXX240",4200275
"경상북도","청송군","청송군","청송군","Gyeongsangbuk-do","Cheongsong-gun","Cheongsong-gun","Cheongsong-gun","Cheongsong-gun Gyeongsangbuk-do",2020,NA,37530,37330,37530,37530,"A1421","A1321","BVXX242",4200276
"경상북도","영양군","영양군","영양군","Gyeongsangbuk-do","Yeongyang-gun","Yeongyang-gun","Yeongyang-gun","Yeongyang-gun Gyeongsangbuk-do",2020,NA,37540,37340,37540,37540,"A1413","A1313","BVXX234",4200277
"경상북도","영덕군","영덕군","영덕군","Gyeongsangbuk-do","Yeongdeok-gun","Yeongdeok-gun","Yeongdeok-gun","Yeongdeok-gun Gyeongsangbuk-do",2020,NA,37550,37350,37550,37550,"A1412","A1312","BVXX233",4200278
"경상북도","청도군","청도군","청도군","Gyeongsangbuk-do","Cheongdo-gun","Cheongdo-gun","Cheongdo-gun","Cheongdo-gun Gyeongsangbuk-do",2020,NA,37560,37360,37560,37560,"A1420","A1320","BVXX241",4200279
"경상북도","고령군","고령군","고령군","Gyeongsangbuk-do","Goryeong-gun","Goryeong-gun","Goryeong-gun","Goryeong-gun Gyeongsangbuk-do",2020,NA,37570,37370,37570,37570,"A1403","A1303","BVXX224",4200280
"경상북도","성주군","성주군","성주군","Gyeongsangbuk-do","Seongju-gun","Seongju-gun","Seongju-gun","Seongju-gun Gyeongsangbuk-do",2020,NA,37580,37380,37580,37580,"A1410","A1310","BVXX231",4200281
"경상북도","칠곡군","칠곡군","칠곡군","Gyeongsangbuk-do","Chilgok-gun","Chilgok-gun","Chilgok-gun","Chilgok-gun Gyeongsangbuk-do",2020,NA,37590,37390,37590,37590,"A1422","A1322","BVXX243",4200282
"경상북도","예천군","예천군","예천군","Gyeongsangbuk-do","Yecheon-gun","Yecheon-gun","Yecheon-gun","Yecheon-gun Gyeongsangbuk-do",2020,NA,37600,37400,37600,37600,"A1416","A1316","BVXX237",4200283
"경상북도","봉화군","봉화군","봉화군","Gyeongsangbuk-do","Bonghwa-gun","Bonghwa-gun","Bonghwa-gun","Bonghwa-gun Gyeongsangbuk-do",2020,NA,37610,37410,37610,37610,"A1408","A1308","BVXX229",4200284
"경상북도","울진군","울진군","울진군","Gyeongsangbuk-do","Uljin-gun","Uljin-gun","Uljin-gun","Uljin-gun Gyeongsangbuk-do",2020,NA,37620,37420,37620,37620,"A1418","A1318","BVXX239",4200285
"경상북도","울릉군","울릉군","울릉군","Gyeongsangbuk-do","Ulleung-gun","Ulleung-gun","Ulleung-gun","Ulleung-gun Gyeongsangbuk-do",2020,NA,37630,37430,37630,37630,"A1417","A1317","BVXX238",4200286
"경상남도","진주시","진주시","진주시","Gyeongsangnam-do","Jinju-si","Jinju-si","Jinju-si","Jinju-si Gyeongsangnam-do",2020,NA,38030,38030,38030,38030,"A1711","A1611","BVXX257",4200293
"경상남도","통영시","통영시","통영시","Gyeongsangnam-do","Tongyeong-si","Tongyeong-si","Tongyeong-si","Tongyeong-si Gyeongsangnam-do",2020,NA,38050,38050,38050,38050,"A1714","A1614","BVXX264",4200295
"경상남도","사천시","사천시","사천시","Gyeongsangnam-do","Sacheon-si","Sacheon-si","Sacheon-si","Sacheon-si Gyeongsangnam-do",2020,NA,38060,38060,38060,38060,"A1707","A1607","BVXX253",4200297
"경상남도","김해시","김해시","김해시","Gyeongsangnam-do","Gimhae-si","Gimhae-si","Gimhae-si","Gimhae-si Gyeongsangnam-do",2020,NA,38070,38070,38070,38070,"A1704","A1604","BVXX250",4200299
"경상남도","밀양시","밀양시","밀양시","Gyeongsangnam-do","Miryang-si","Miryang-si","Miryang-si","Miryang-si Gyeongsangnam-do",2020,NA,38080,38080,38080,38080,"A1706","A1606","BVXX252",4200301
"경상남도","거제시","거제시","거제시","Gyeongsangnam-do","Geoje-si","Geoje-si","Geoje-si","Geoje-si Gyeongsangnam-do",2020,NA,38090,38090,38090,38090,"A1701","A1601","BVXX247",4200302
"경상남도","양산시","양산시","양산시","Gyeongsangnam-do","Yangsan-si","Yangsan-si","Yangsan-si","Yangsan-si Gyeongsangnam-do",2020,NA,38100,38100,38100,38100,"A1709","A1609","BVXX255",4200303
"경상남도","창원시","창원시","","Gyeongsangnam-do","Changwon-si","Changwon-si","Changwon-si","Changwon-si Gyeongsangnam-do",2020,NA,38110,38110,38110,38110,"A1713","A1613",NA,NA
"경상남도","창원시","창원시","","Gyeongsangnam-do","Changwon-si","Changwon-si","Changwon-si","Changwon-si Gyeongsangnam-do",2010,NA,38010,38010,38010,38010,"A1713","A1613",NA,NA
"경상남도","창원시 의창구","창원시","의창구","Gyeongsangnam-do","Changwon-si","Uichang-gu","Uichang-gu Changwon-si","Uichang-gu Changwon-si Gyeongsangnam-do",2020,NA,38111,38111,38111,38111,"A1713","A1613","BVXX262",4200316
"경상남도","창원시 성산구","창원시","성산구","Gyeongsangnam-do","Changwon-si","Seongsan-gu","Seongsan-gu Changwon-si","Seongsan-gu Changwon-si Gyeongsangnam-do",2020,NA,38112,38112,38112,38112,"A1713","A1613","BVXX261",4200315
"경상남도","창원시 마산합포구","창원시","마산합포구","Gyeongsangnam-do","Changwon-si","Masanhappo-gu","Masanhappo-gu Changwon-si","Masanhappo-gu Changwon-si Gyeongsangnam-do",2020,NA,38113,38113,38113,38113,"A1713","A1613","BVXX259",4200318
"경상남도","창원시 마산회원구","창원시","마산회원구","Gyeongsangnam-do","Changwon-si","Masanhoewon-gu","Masanhoewon-gu Changwon-si","Masanhoewon-gu Changwon-si Gyeongsangnam-do",2020,NA,38114,38114,38114,38114,"A1713","A1613","BVXX260",4200319
"경상남도","마산시","마산시","마산시","Gyeongsangnam-do","Masan-si","Masan-si","Masan-si","Masan-si Gyeongsangnam-do",2010,NA,38020,38020,38020,38020,"A1713","A1613",NA,NA
"경상남도","창원시 진해구","창원시","진해구","Gyeongsangnam-do","Changwon-si","Jinhae-gu","Jinhae-gu Changwon-si","Jinhae-gu Changwon-si Gyeongsangnam-do",2020,NA,38115,38115,38115,38115,"A1713","A1613","BVXX263",4200317
"경상남도","진해시","진해시","진해시","Gyeongsangnam-do","Jinhae-si","Jinhae-si","Jinhae-si","Jinhae-si Gyeongsangnam-do",2010,NA,38040,38040,38040,38040,"A1713","A1613",NA,NA
"경상남도","의령군","의령군","의령군","Gyeongsangnam-do","Uiryeong-gun","Uiryeong-gun","Uiryeong-gun","Uiryeong-gun Gyeongsangnam-do",2020,NA,38510,38310,38510,38510,"A1710","A1610","BVXX256",4200305
"경상남도","함안군","함안군","함안군","Gyeongsangnam-do","Haman-gun","Haman-gun","Haman-gun","Haman-gun Gyeongsangnam-do",2020,NA,38520,38320,38520,38520,"A1716","A1616","BVXX266",4200306
"경상남도","창녕군","창녕군","창녕군","Gyeongsangnam-do","Changnyeong-gun","Changnyeong-gun","Changnyeong-gun","Changnyeong-gun Gyeongsangnam-do",2020,NA,38530,38330,38530,38530,"A1712","A1612","BVXX258",4200307
"경상남도","고성군","고성군","고성군","Gyeongsangnam-do","Goseong-gun","Goseong-gun","Goseong-gun","Goseong-gun Gyeongsangnam-do",2020,NA,38540,38340,38540,38540,"A1703","A1603","BVXX249",4200308
"경상남도","남해군","남해군","남해군","Gyeongsangnam-do","Namhae-gun","Namhae-gun","Namhae-gun","Namhae-gun Gyeongsangnam-do",2020,NA,38550,38350,38550,38550,"A1705","A1605","BVXX251",4200309
"경상남도","하동군","하동군","하동군","Gyeongsangnam-do","Hadong-gun","Hadong-gun","Hadong-gun","Hadong-gun Gyeongsangnam-do",2020,NA,38560,38360,38560,38560,"A1715","A1615","BVXX265",4200310
"경상남도","산청군","산청군","산청군","Gyeongsangnam-do","Sancheong-gun","Sancheong-gun","Sancheong-gun","Sancheong-gun Gyeongsangnam-do",2020,NA,38570,38370,38570,38570,"A1708","A1608","BVXX254",4200311
"경상남도","함양군","함양군","함양군","Gyeongsangnam-do","Hamyang-gun","Hamyang-gun","Hamyang-gun","Hamyang-gun Gyeongsangnam-do",2020,NA,38580,38380,38580,38580,"A1717","A1617","BVXX267",4200312
"경상남도","거창군","거창군","거창군","Gyeongsangnam-do","Geochang-gun","Geochang-gun","Geochang-gun","Geochang-gun Gyeongsangnam-do",2020,NA,38590,38390,38590,38590,"A1702","A1602","BVXX248",4200313
"경상남도","합천군","합천군","합천군","Gyeongsangnam-do","Hapcheon-gun","Hapcheon-gun","Hapcheon-gun","Hapcheon-gun Gyeongsangnam-do",2020,NA,38600,38400,38600,38600,"A1718","A1618","BVXX268",4200314
"제주특별자치도","제주시","제주시","제주시","Jeju-do","Jeju-si","Jeju-si","Jeju-si","Jeju-si Jeju-do",2020,NA,39010,39010,39010,39010,"A1801","A1701","BVXX271",4200322
"제주특별자치도","서귀포시","서귀포시","서귀포시","Jeju-do","Seogwipo-si","Seogwipo-si","Seogwipo-si","Seogwipo-si Jeju-do",2020,NA,39020,39020,39020,39020,"A1802","A1702","BVXX270",4200323
